x1,x2,x3,x4,x5
24.08,24.16,23.95,24.38,24.21
23.44,23.97,24.3,24.05,24.24
23.76,23.78,23.84,24.26,23.9
23.81,23.82,23.97,23.58,24.22
23.95,24.05,23.82,24.08,24.02
23.92,24.58,23.84,23.94,23.94
23.87,23.97,23.76,23.97,24.27
24.35,24.16,24.14,23.27,23.97
23.89,24.21,23.82,24.06,24.16
24.1,23.86,24,23.5,24.08